,colname,comp_vs_non_tstat,comp_vs_non_pvalue,cl_vs_non_tstat,cl_vs_non_pvalue,comp_vs_non_FDR,cl_vs_non_FDR,Variable
0,string_jaccard_physical,5.322779381036272,1.1019465593626594e-07,-0.4539550012721049,0.6498979325880463,2.938524158300425e-07,0.6498979325880463,STRING physical Jaccard index
1,bg_jaccard,10.335141986876273,1.325601488451606e-24,-2.7929389593214937,0.005259950040231416,1.0604811907612848e-23,0.007650836422154786,Biogrid Jaccard index
2,conservation_score,4.712083254871885,2.5674875816601996e-06,-2.5733365320603534,0.010124142348958807,5.868543043794742e-06,0.01349885646527841,Conservation score
3,A2_median_neighbour_ess,-11.753112448285194,3.497833114471489e-31,4.025074435590917,5.85136256582291e-05,5.5965329831543825e-30,0.0001170272513164582,Median lost gene neighbour essentiality
4,string_dc_physical,6.601713476786739,4.824407295115828e-11,-2.9059714243442327,0.0036907248933980064,1.9297629180463312e-10,0.00590515982943681,STRING physical degree centrality
5,biogrid_dc,5.668798567378743,1.5812044534331243e-08,-3.842869980288374,0.0001243849818380102,5.0598542509859976e-08,0.00022112885660090703,Biogrid degree centrality
6,sequence_identity,2.2436583702973114,0.024928903106664794,-1.5346461410642755,0.1249845648324257,0.030681726900510516,0.13331686915458743,Sequence identity
7,family_size,-6.622189181010295,4.1952362341227294e-11,1.7518349651535412,0.07991244627600622,1.9297629180463312e-10,0.0913285100297214,Family size
